id,floresta
10621,2
10622,6
10623,6
10624,6
10625,6
10626,3
10627,3
10628,3
10629,3
10630,2
10631,3
10632,3
10633,3
10634,3
10635,2
10636,3
10637,3
10638,3
10639,3
10640,3
10641,3
10642,3
10643,2
10644,3
10645,3
10646,3
10647,3
10648,2
10649,3
10650,3
10651,2
10652,2
10653,3
10654,3
10655,2
10656,3
10657,3
10658,3
10659,3
10660,2
10661,3
10662,3
10663,3
10664,2
10665,2
10666,3
10667,3
10668,2
10669,2
10670,3
10671,3
10672,3
10673,3
10674,2
10675,3
10676,3
10677,2
10678,2
10679,2
10680,3
10681,3
10682,2
10683,3
10684,3
10685,2
10686,3
10687,3
10688,3
10689,3
10690,3
10691,2
10692,3
10693,6
10694,6
10695,6
10696,3
10697,6
10698,2
10699,3
10700,2
10701,6
10702,3
10703,6
10704,3
10705,2
10706,3
10707,3
10708,3
10709,2
10710,3
10711,3
10712,3
10713,2
10714,3
10715,3
10716,3
10717,3
10718,3
10719,3
10720,3
10721,3
10722,3
10723,3
10724,3
10725,3
10726,3
10727,3
10728,3
10729,3
10730,3
10731,3
10732,3
10733,3
10734,3
10735,2
10736,2
10737,3
10738,6
10739,3
10740,3
10741,3
10742,3
10743,3
10744,3
10745,2
10746,6
10747,3
10748,3
10749,3
10750,3
10751,3
10752,3
10753,3
10754,2
10755,3
10756,3
10757,3
10758,3
10759,2
10760,3
10761,3
10762,3
10763,6
10764,3
10765,3
10766,3
10767,3
10768,3
10769,3
10770,3
10771,3
10772,3
10773,3
10774,3
10775,3
10776,3
10777,3
10778,3
10779,3
10780,3
10781,3
10782,3
10783,3
10784,3
10785,3
10786,3
10787,2
10788,3
10789,3
10790,3
10791,3
10792,2
10793,3
10794,3
10795,3
10796,3
10797,6
10798,3
10799,6
10800,6
10801,3
10802,3
10803,2
10804,6
10805,6
10806,3
10807,3
10808,3
10809,3
10810,3
10811,6
10812,6
10813,2
10814,2
10815,6
10816,3
10817,3
10818,3
10819,3
10820,3
10821,3
10822,3
10823,2
10824,3
10825,2
10826,2
10827,6
10828,3
10829,2
10830,3
10831,3
10832,2
10833,3
10834,2
10835,2
10836,2
10837,3
10838,2
10839,2
10840,3
10841,3
10842,2
10843,2
10844,3
10845,3
10846,2
10847,3
10848,3
10849,3
10850,3
10851,2
10852,3
10853,3
10854,3
10855,3
10856,3
10857,3
10858,3
10859,2
10860,2
10861,2
10862,3
10863,3
10864,6
10865,6
10866,6
10867,3
10868,6
10869,6
10870,3
10871,6
10872,2
10873,6
10874,6
10875,6
10876,6
10877,3
10878,6
10879,2
10880,2
10881,3
10882,3
10883,3
10884,6
10885,2
10886,6
10887,3
10888,2
10889,6
10890,6
10891,2
10892,6
10893,6
10894,6
10895,2
10896,3
10897,3
10898,6
10899,2
10900,6
10901,3
10902,2
10903,6
10904,6
10905,6
10906,2
10907,2
10908,2
10909,6
10910,2
10911,2
10912,2
10913,6
10914,2
10915,6
10916,3
10917,2
10918,6
10919,3
10920,6
10921,6
10922,3
10923,1
10924,2
10925,6
10926,6
10927,3
10928,6
10929,3
10930,6
10931,2
10932,6
10933,2
10934,3
10935,6
10936,3
10937,1
10938,6
10939,3
10940,2
10941,2
10942,2
10943,3
10944,6
10945,6
10946,3
10947,2
10948,2
10949,6
10950,6
10951,2
10952,3
10953,6
10954,2
10955,2
10956,6
10957,6
10958,6
10959,6
10960,7
10961,6
10962,2
10963,6
10964,2
10965,1
10966,2
10967,6
10968,1
10969,2
10970,1
10971,6
10972,2
10973,1
10974,1
10975,1
10976,6
10977,6
10978,6
10979,1
10980,2
10981,1
10982,1
10983,3
10984,1
10985,1
10986,6
10987,6
10988,6
10989,1
10990,2
10991,1
10992,1
10993,1
10994,6
10995,6
10996,6
10997,1
10998,6
10999,6
11000,6
11001,7
11002,3
11003,7
11004,4
11005,3
11006,4
11007,3
11008,6
11009,3
11010,3
11011,2
11012,7
11013,4
11014,1
11015,6
11016,6
11017,6
11018,7
11019,7
11020,4
11021,2
11022,6
11023,7
11024,3
11025,4
11026,1
11027,2
11028,7
11029,7
11030,7
11031,4
11032,3
11033,7
11034,3
11035,7
11036,2
11037,3
11038,6
11039,6
11040,7
11041,6
11042,5
11043,3
11044,4
11045,5
11046,4
11047,7
11048,2
11049,1
11050,1
11051,7
11052,5
11053,1
11054,5
11055,6
11056,7
11057,7
11058,4
11059,4
11060,6
11061,7
11062,5
11063,1
11064,6
11065,7
11066,7
11067,5
11068,7
11069,7
11070,5
11071,7
11072,5
11073,6
11074,3
11075,5
11076,4
11077,3
11078,7
11079,3
11080,5
11081,5
11082,3
11083,3
11084,1
11085,1
11086,5
11087,7
11088,7
11089,7
11090,7
11091,3
11092,3
11093,7
11094,3
11095,5
11096,4
11097,7
11098,6
11099,6
11100,6
11101,6
11102,3
11103,7
11104,7
11105,4
11106,4
11107,2
11108,6
11109,6
11110,3
11111,7
11112,7
11113,7
11114,6
11115,6
11116,6
11117,6
11118,7
11119,6
11120,6
11121,6
11122,7
11123,7
11124,6
11125,6
11126,6
11127,6
11128,3
11129,4
11130,5
11131,7
11132,6
11133,6
11134,7
11135,4
11136,4
11137,7
11138,6
11139,6
11140,6
11141,6
11142,6
11143,7
11144,7
11145,4
11146,7
11147,7
11148,3
11149,7
11150,4
11151,6
11152,3
11153,6
11154,6
11155,4
11156,7
11157,6
11158,6
11159,5
11160,4
11161,7
11162,7
11163,7
11164,7
11165,6
11166,6
11167,6
11168,6
11169,6
11170,6
11171,3
11172,4
11173,7
11174,5
11175,5
11176,5
11177,4
11178,7
11179,4
11180,3
11181,7
11182,5
11183,5
11184,5
11185,6
11186,6
11187,6
11188,5
11189,5
11190,7
11191,2
11192,7
11193,5
11194,5
11195,5
11196,4
11197,4
11198,6
11199,6
11200,7
11201,7
11202,6
11203,6
11204,4
11205,4
11206,7
11207,6
11208,4
11209,4
11210,6
11211,4
11212,6
11213,4
11214,7
11215,7
11216,4
11217,4
11218,4
11219,7
11220,6
11221,4
11222,4
11223,5
11224,4
11225,7
11226,4
11227,5
11228,4
11229,6
11230,2
11231,7
11232,7
11233,5
11234,4
11235,4
11236,6
11237,6
11238,6
11239,7
11240,5
11241,1
11242,1
11243,6
11244,6
11245,5
11246,7
11247,4
11248,1
11249,5
11250,4
11251,6
11252,3
11253,5
11254,5
11255,7
11256,4
11257,7
11258,5
11259,5
11260,5
11261,5
11262,5
11263,4
11264,7
11265,6
11266,4
11267,4
11268,4
11269,1
11270,2
11271,6
11272,7
11273,4
11274,4
11275,4
11276,5
11277,5
11278,5
11279,5
11280,5
11281,5
11282,5
11283,4
11284,6
11285,4
11286,4
11287,5
11288,5
11289,5
11290,7
11291,4
11292,4
11293,4
11294,2
11295,6
11296,5
11297,4
11298,5
11299,5
11300,5
11301,5
11302,2
11303,3
11304,4
11305,5
11306,5
11307,7
11308,6
11309,6
11310,6
11311,5
11312,5
11313,5
11314,5
11315,4
11316,2
11317,6
11318,6
11319,4
11320,5
11321,7
11322,4
11323,5
11324,5
11325,5
11326,5
11327,5
11328,7
11329,4
11330,5
11331,4
11332,6
11333,4
11334,7
11335,5
11336,5
11337,5
11338,5
11339,5
11340,4
11341,5
11342,4
11343,5
11344,5
11345,5
11346,6
11347,6
11348,5
11349,5
11350,5
11351,5
11352,5
11353,7
11354,5
11355,5
11356,5
11357,1
11358,1
11359,4
11360,5
11361,5
11362,5
11363,5
11364,4
11365,4
11366,1
11367,6
11368,6
11369,4
11370,5
11371,5
11372,5
11373,5
11374,5
11375,5
11376,1
11377,4
11378,5
11379,5
11380,5
11381,5
11382,5
11383,6
11384,6
11385,4
11386,5
11387,5
11388,5
11389,5
11390,5
11391,5
11392,5
11393,5
11394,5
11395,5
11396,5
11397,5
11398,6
11399,4
11400,5
11401,5
11402,5
11403,7
11404,7
11405,6
11406,6
11407,4
11408,4
11409,4
11410,5
11411,5
11412,5
11413,5
11414,5
11415,5
11416,5
11417,5
11418,5
11419,5
11420,5
11421,6
11422,5
11423,5
11424,4
11425,4
11426,5
11427,5
11428,5
11429,5
11430,5
11431,5
11432,4
11433,3
11434,4
11435,7
11436,5
11437,5
11438,7
11439,7
11440,7
11441,5
11442,4
11443,6
11444,5
11445,5
11446,5
11447,4
11448,5
11449,7
11450,7
11451,1
11452,2
11453,5
11454,5
11455,5
11456,7
11457,4
11458,7
11459,4
11460,5
11461,5
11462,4
11463,4
11464,5
11465,5
11466,5
11467,5
11468,5
11469,5
11470,7
11471,2
11472,6
11473,5
11474,4
11475,5
11476,5
11477,5
11478,5
11479,5
11480,4
11481,5
11482,5
11483,5
11484,5
11485,5
11486,5
11487,4
11488,5
11489,4
11490,5
11491,5
11492,5
11493,5
11494,4
11495,5
11496,5
11497,4
11498,4
11499,7
11500,5
11501,5
11502,5
11503,5
11504,5
11505,5
11506,5
11507,5
11508,5
11509,7
11510,4
11511,7
11512,6
11513,5
11514,5
11515,7
11516,5
11517,5
11518,5
11519,5
11520,5
11521,5
11522,2
11523,5
11524,5
11525,5
11526,5
11527,7
11528,5
11529,1
11530,6
11531,3
11532,4
11533,5
11534,5
11535,5
11536,5
11537,5
11538,6
11539,6
11540,6
11541,5
11542,5
11543,5
11544,5
11545,5
11546,4
11547,5
11548,5
11549,1
11550,5
11551,5
11552,5
11553,5
11554,5
11555,5
11556,7
11557,7
11558,4
11559,3
11560,5
11561,5
11562,5
11563,5
11564,7
11565,4
11566,6
11567,6
11568,6
11569,5
11570,5
11571,5
11572,5
11573,7
11574,7
11575,6
11576,5
11577,5
11578,5
11579,5
11580,5
11581,7
11582,7
11583,7
11584,2
11585,3
11586,6
11587,5
11588,5
11589,5
11590,5
11591,5
11592,7
11593,5
11594,7
11595,7
11596,3
11597,4
11598,5
11599,5
11600,5
11601,5
11602,5
11603,4
11604,5
11605,7
11606,4
11607,2
11608,3
11609,4
11610,5
11611,5
11612,5
11613,5
11614,5
11615,5
11616,5
11617,4
11618,5
11619,5
11620,5
11621,5
11622,5
11623,5
11624,7
11625,5
11626,2
11627,3
11628,6
11629,5
11630,5
11631,7
11632,7
11633,5
11634,5
11635,5
11636,7
11637,5
11638,7
11639,7
11640,4
11641,4
11642,4
11643,5
11644,7
11645,4
11646,5
11647,5
11648,5
11649,6
11650,7
11651,4
11652,5
11653,5
11654,5
11655,7
11656,5
11657,7
11658,1
11659,2
11660,5
11661,5
11662,7
11663,4
11664,5
11665,7
11666,5
11667,4
11668,5
11669,5
11670,5
11671,5
11672,4
11673,4
11674,4
11675,5
11676,5
11677,4
11678,7
11679,4
11680,5
11681,5
11682,4
11683,7
11684,7
11685,7
11686,6
11687,5
11688,5
11689,5
11690,5
11691,1
11692,7
11693,4
11694,5
11695,4
11696,7
11697,5
11698,5
11699,4
11700,7
11701,6
11702,7
11703,7
11704,5
11705,5
11706,5
11707,4
11708,7
11709,5
11710,5
11711,7
11712,7
11713,7
11714,7
11715,6
11716,5
11717,4
11718,5
11719,5
11720,5
11721,7
11722,7
11723,6
11724,3
11725,5
11726,5
11727,7
11728,4
11729,5
11730,5
11731,7
11732,4
11733,7
11734,7
11735,5
11736,5
11737,7
11738,5
11739,7
11740,7
11741,2
11742,5
11743,5
11744,5
11745,5
11746,5
11747,7
11748,1
11749,7
11750,4
11751,7
11752,4
11753,5
11754,7
11755,5
11756,7
11757,5
11758,5
11759,5
11760,7
11761,5
11762,5
11763,7
11764,7
11765,4
11766,7
11767,5
11768,5
11769,7
11770,5
11771,5
11772,4
11773,5
11774,5
11775,1
11776,4
11777,5
11778,4
11779,5
11780,7
11781,5
11782,2
11783,7
11784,5
11785,5
11786,7
11787,7
11788,5
11789,7
11790,7
11791,5
11792,5
11793,4
11794,7
11795,5
11796,4
11797,4
11798,4
11799,7
11800,5
11801,7
11802,5
11803,7
11804,1
11805,1
11806,4
11807,4
11808,5
11809,5
11810,5
11811,5
11812,5
11813,5
11814,7
11815,4
11816,7
11817,6
11818,5
11819,5
11820,4
11821,1
11822,6
11823,5
11824,4
11825,7
11826,4
11827,7
11828,4
11829,4
11830,7
11831,7
11832,1
11833,6
11834,3
11835,7
11836,4
11837,7
11838,1
11839,7
11840,7
11841,4
11842,7
11843,6
11844,4
11845,5
11846,1
11847,7
11848,7
11849,5
11850,1
11851,7
11852,5
11853,4
11854,5
11855,7
11856,1
11857,4
11858,7
11859,3
11860,7
11861,5
11862,7
11863,5
11864,5
11865,5
11866,4
11867,1
11868,7
11869,7
11870,4
11871,2
11872,7
11873,5
11874,5
11875,7
11876,4
11877,1
11878,7
11879,7
11880,4
11881,7
11882,4
11883,7
11884,4
11885,5
11886,5
11887,7
11888,7
11889,7
11890,4
11891,7
11892,5
11893,5
11894,5
11895,5
11896,2
11897,5
11898,4
11899,7
11900,5
11901,7
11902,7
11903,7
11904,7
11905,3
11906,5
11907,7
11908,4
11909,7
11910,7
11911,3
11912,4
11913,7
11914,7
11915,2
11916,7
11917,7
11918,5
11919,7
11920,7
11921,5
11922,4
11923,4
11924,5
11925,7
11926,5
11927,7
11928,7
11929,5
11930,5
11931,7
11932,7
11933,7
11934,5
11935,2
11936,5
11937,7
11938,7
11939,7
11940,7
11941,4
11942,5
11943,5
11944,5
11945,7
11946,5
11947,6
11948,7
11949,7
11950,5
11951,7
11952,2
11953,6
11954,5
11955,7
11956,7
11957,7
11958,3
11959,3
11960,6
11961,3
11962,7
11963,4
11964,5
11965,3
11966,7
11967,3
11968,3
11969,6
11970,7
11971,2
11972,2
11973,7
11974,7
11975,3
11976,7
11977,7
11978,2
11979,3
11980,6
11981,6
11982,6
11983,6
11984,2
11985,7
11986,6
11987,2
11988,6
11989,2
11990,3
11991,6
11992,7
11993,7
11994,1
11995,2
11996,5
11997,3
11998,1
11999,3
12000,4
12001,4
12002,3
12003,6
12004,4
12005,2
12006,6
12007,2
12008,2
12009,6
12010,1
12011,2
12012,4
12013,3
12014,3
12015,6
12016,6
12017,4
12018,3
12019,1
12020,2
12021,4
12022,6
12023,5
12024,6
12025,4
12026,1
12027,6
12028,4
12029,3
12030,2
12031,2
12032,6
12033,4
12034,4
12035,4
12036,2
12037,7
12038,6
12039,6
12040,7
12041,7
12042,6
12043,6
12044,6
12045,2
12046,2
12047,6
12048,6
12049,6
12050,6
12051,6
12052,3
12053,3
12054,6
12055,6
12056,4
12057,7
12058,4
12059,2
12060,6
12061,3
12062,6
12063,2
12064,6
12065,2
12066,2
12067,1
12068,4
12069,1
12070,2
12071,3
12072,4
12073,1
12074,4
12075,4
12076,4
12077,7
12078,7
12079,4
12080,1
12081,6
12082,6
12083,4
12084,6
12085,4
12086,6
12087,4
12088,2
12089,2
12090,6
12091,1
12092,4
12093,7
12094,1
12095,2
12096,2
12097,7
12098,2
12099,3
12100,2
12101,6
12102,4
12103,4
12104,2
12105,3
12106,2
12107,6
12108,7
12109,1
12110,4
12111,4
12112,4
12113,6
12114,6
12115,4
12116,6
12117,7
12118,4
12119,4
12120,4
12121,2
12122,6
12123,6
12124,4
12125,4
12126,7
12127,2
12128,6
12129,7
12130,3
12131,6
12132,7
12133,2
12134,1
12135,1
12136,1
12137,6
12138,7
12139,4
12140,7
12141,7
12142,1
12143,1
12144,7
12145,1
12146,4
12147,7
12148,4
12149,4
12150,1
12151,1
12152,1
12153,2
12154,4
12155,7
12156,2
12157,2
12158,4
12159,7
12160,2
12161,6
12162,1
12163,1
12164,6
12165,3
12166,7
12167,7
12168,1
12169,2
12170,6
12171,7
12172,2
12173,1
12174,6
12175,1
12176,1
12177,6
12178,2
12179,1
12180,6
12181,1
12182,6
12183,6
12184,7
12185,1
12186,7
12187,4
12188,2
12189,7
12190,7
12191,1
12192,6
12193,7
12194,7
12195,4
12196,7
12197,4
12198,3
12199,4
12200,4
12201,7
12202,1
12203,6
12204,7
12205,1
12206,1
12207,3
12208,4
12209,7
12210,1
12211,1
12212,1
12213,1
12214,7
12215,7
12216,7
12217,7
12218,6
12219,6
12220,7
12221,6
12222,6
12223,7
12224,7
12225,1
12226,1
12227,4
12228,1
12229,6
12230,6
12231,1
12232,6
12233,6
12234,6
12235,7
12236,7
12237,1
12238,7
12239,7
12240,2
12241,6
12242,2
12243,3
12244,7
12245,3
12246,3
12247,7
12248,7
12249,7
12250,1
12251,1
12252,1
12253,1
12254,1
12255,1
12256,1
12257,1
12258,1
12259,6
12260,7
12261,1
12262,2
12263,1
12264,7
12265,3
12266,2
12267,3
12268,7
12269,3
12270,3
12271,4
12272,1
12273,3
12274,6
12275,4
12276,4
12277,1
12278,6
12279,7
12280,6
12281,2
12282,1
12283,7
12284,6
12285,3
12286,2
12287,2
12288,1
12289,1
12290,7
12291,4
12292,1
12293,1
12294,3
12295,6
12296,2
12297,1
12298,1
12299,4
12300,6
12301,1
12302,1
12303,1
12304,6
12305,6
12306,2
12307,2
12308,1
12309,1
12310,1
12311,6
12312,7
12313,6
12314,1
12315,3
12316,6
12317,1
12318,3
12319,3
12320,7
12321,4
12322,1
12323,7
12324,2
12325,1
12326,3
12327,3
12328,7
12329,7
12330,1
12331,6
12332,2
12333,1
12334,1
12335,3
12336,4
12337,2
12338,1
12339,2
12340,4
12341,3
12342,3
12343,4
12344,1
12345,4
12346,6
12347,3
12348,3
12349,3
12350,6
12351,2
12352,2
12353,1
12354,2
12355,2
12356,6
12357,2
12358,4
12359,3
12360,6
12361,3
12362,2
12363,2
12364,1
12365,2
12366,6
12367,1
12368,1
12369,6
12370,1
12371,1
12372,2
12373,6
12374,4
12375,6
12376,2
12377,1
12378,1
12379,4
12380,4
12381,7
12382,7
12383,6
12384,4
12385,4
12386,4
12387,6
12388,6
12389,1
12390,6
12391,6
12392,4
12393,4
12394,7
12395,7
12396,1
12397,1
12398,2
12399,6
12400,6
12401,2
12402,6
12403,4
12404,4
12405,2
12406,6
12407,4
12408,7
12409,2
12410,6
12411,6
12412,7
12413,7
12414,6
12415,4
12416,1
12417,2
12418,2
12419,6
12420,1
12421,2
12422,1
12423,1
12424,2
12425,2
12426,2
12427,2
12428,4
12429,2
12430,3
12431,6
12432,6
12433,2
12434,4
12435,2
12436,7
12437,7
12438,2
12439,2
12440,1
12441,2
12442,3
12443,2
12444,7
12445,3
12446,2
12447,3
12448,2
12449,3
12450,7
12451,3
12452,6
12453,2
12454,2
12455,3
12456,2
12457,3
12458,2
12459,7
12460,7
12461,1
12462,2
12463,7
12464,7
12465,2
12466,2
12467,3
12468,6
12469,1
12470,3
12471,3
12472,6
12473,6
12474,6
12475,2
12476,1
12477,2
12478,6
12479,2
12480,3
12481,2
12482,2
12483,6
12484,2
12485,1
12486,2
12487,1
12488,2
12489,6
12490,3
12491,2
12492,3
12493,1
12494,2
12495,2
12496,2
12497,3
12498,2
12499,2
12500,3
12501,3
12502,1
12503,3
12504,3
12505,1
12506,3
12507,1
12508,1
12509,1
12510,3
12511,1
12512,1
12513,2
12514,1
12515,1
12516,2
12517,1
12518,1
12519,3
12520,2
12521,2
12522,2
12523,1
12524,1
12525,1
12526,1
12527,1
12528,2
12529,1
12530,1
12531,6
12532,1
12533,1
12534,1
12535,2
12536,2
12537,1
12538,1
12539,1
12540,1
12541,1
12542,1
12543,1
12544,1
12545,1
12546,1
12547,1
12548,2
12549,1
12550,1
12551,1
12552,3
12553,1
12554,2
12555,2
12556,1
12557,2
12558,2
12559,2
12560,2
12561,2
12562,1
12563,1
12564,1
12565,1
12566,1
12567,1
12568,1
12569,1
12570,1
12571,2
12572,1
12573,2
12574,1
12575,1
12576,2
12577,2
12578,2
12579,1
12580,2
12581,2
12582,1
12583,2
12584,2
12585,1
12586,1
12587,1
12588,1
12589,1
12590,1
12591,1
12592,3
12593,1
12594,1
12595,1
12596,1
12597,1
12598,1
12599,2
12600,1
12601,1
12602,1
12603,3
12604,1
12605,2
12606,1
12607,2
12608,2
12609,3
12610,1
12611,3
12612,1
12613,1
12614,2
12615,1
12616,2
12617,2
12618,3
12619,1
12620,1
12621,1
12622,1
12623,1
12624,1
12625,1
12626,1
12627,2
12628,1
12629,2
12630,3
12631,1
12632,1
12633,2
12634,2
12635,1
12636,2
12637,1
12638,2
12639,1
12640,2
12641,2
12642,1
12643,2
12644,3
12645,1
12646,1
12647,3
12648,1
12649,3
12650,2
12651,3
12652,1
12653,2
12654,1
12655,1
12656,2
12657,1
12658,3
12659,1
12660,3
12661,1
12662,1
12663,2
12664,2
12665,2
12666,3
12667,6
12668,2
12669,3
12670,1
12671,2
12672,1
12673,2
12674,1
12675,1
12676,1
12677,3
12678,6
12679,2
12680,1
12681,2
12682,3
12683,2
12684,1
12685,1
12686,1
12687,1
12688,6
12689,1
12690,2
12691,1
12692,2
12693,2
12694,2
12695,1
12696,1
12697,2
12698,2
12699,2
12700,1
12701,2
12702,6
12703,6
12704,2
12705,1
12706,1
12707,2
12708,1
12709,1
12710,1
12711,1
12712,6
12713,2
12714,2
12715,1
12716,2
12717,2
12718,2
12719,2
12720,2
12721,2
12722,1
12723,3
12724,2
12725,2
12726,1
12727,2
12728,1
12729,1
12730,6
12731,1
12732,1
12733,1
12734,1
12735,1
12736,2
12737,2
12738,3
12739,6
12740,2
12741,3
12742,2
12743,2
12744,3
12745,1
12746,2
12747,3
12748,2
12749,1
12750,3
12751,2
12752,2
12753,2
12754,3
12755,2
12756,1
12757,2
12758,3
12759,2
12760,1
12761,1
12762,1
12763,2
12764,2
12765,1
12766,2
12767,2
12768,1
12769,1
12770,1
12771,1
12772,3
12773,1
12774,2
12775,1
12776,1
12777,2
12778,1
12779,1
12780,1
12781,1
12782,2
12783,1
12784,2
12785,1
12786,1
12787,1
12788,1
12789,3
12790,1
12791,2
12792,1
12793,2
12794,1
12795,1
12796,2
12797,1
12798,1
12799,1
12800,2
12801,2
12802,1
12803,1
12804,1
12805,1
12806,2
12807,1
12808,2
12809,2
12810,1
12811,1
12812,1
12813,1
12814,1
12815,1
12816,1
12817,1
12818,1
12819,2
12820,1
12821,1
12822,1
12823,1
12824,1
12825,3
12826,3
12827,3
12828,3
12829,2
12830,3
12831,3
12832,3
12833,3
12834,1
12835,2
12836,2
12837,3
12838,2
12839,4
12840,4
12841,3
12842,4
12843,7
12844,4
12845,3
12846,6
12847,7
12848,4
12849,7
12850,3
12851,7
12852,7
12853,4
12854,7
12855,7
12856,2
12857,7
12858,2
12859,3
12860,7
12861,4
12862,7
12863,7
12864,3
12865,3
12866,3
12867,7
12868,3
12869,4
12870,7
12871,7
12872,7
12873,4
12874,7
12875,3
12876,4
12877,4
12878,3
12879,3
12880,4
12881,7
12882,7
12883,7
12884,4
12885,4
12886,7
12887,4
12888,4
12889,4
12890,4
12891,6
12892,4
12893,7
12894,7
12895,7
12896,4
12897,7
12898,4
12899,4
12900,4
12901,4
12902,4
12903,7
12904,7
12905,7
12906,4
12907,4
12908,4
12909,4
12910,4
12911,7
12912,7
12913,4
12914,4
12915,7
12916,7
12917,7
12918,7
12919,4
12920,4
12921,7
12922,4
12923,4
12924,4
12925,7
12926,4
12927,4
12928,7
12929,4
12930,7
12931,7
12932,7
12933,7
12934,4
12935,7
12936,4
12937,7
12938,7
12939,7
12940,7
12941,7
12942,7
12943,4
12944,4
12945,7
12946,4
12947,7
12948,7
12949,4
12950,4
12951,4
12952,4
12953,4
12954,4
12955,7
12956,7
12957,4
12958,7
12959,4
12960,7
12961,4
12962,7
12963,4
12964,7
12965,4
12966,7
12967,4
12968,4
12969,4
12970,4
12971,4
12972,4
12973,4
12974,4
12975,4
12976,4
12977,4
12978,4
12979,4
12980,4
12981,7
12982,4
12983,7
12984,4
12985,7
12986,4
12987,7
12988,7
12989,7
12990,7
12991,7
12992,7
12993,7
12994,4
12995,4
12996,4
12997,6
12998,6
12999,6
13000,3
13001,3
13002,3
13003,3
13004,3
13005,3
13006,3
13007,3
13008,3
13009,3
13010,3
13011,3
13012,3
13013,3
13014,2
13015,2
13016,3
13017,3
13018,3
13019,3
13020,3
13021,2
13022,3
13023,2
13024,6
13025,6
13026,6
13027,6
13028,6
13029,3
13030,3
13031,3
13032,3
13033,3
13034,3
13035,3
13036,3
13037,3
13038,3
13039,3
13040,3
13041,3
13042,3
13043,6
13044,3
13045,3
13046,2
13047,3
13048,3
13049,6
13050,3
13051,3
13052,3
13053,3
13054,3
13055,3
13056,3
13057,3
13058,3
13059,3
13060,6
13061,3
13062,2
13063,3
13064,3
13065,3
13066,3
13067,6
13068,3
13069,6
13070,3
13071,6
13072,3
13073,3
13074,3
13075,2
13076,2
13077,3
13078,2
13079,2
13080,3
13081,3
13082,3
13083,2
13084,2
13085,1
13086,2
13087,3
13088,6
13089,6
13090,6
13091,3
13092,2
13093,6
13094,6
13095,2
13096,2
13097,6
13098,2
13099,2
13100,2
13101,3
13102,3
13103,2
13104,6
13105,2
13106,3
13107,2
13108,6
13109,2
13110,6
13111,2
13112,2
13113,6
13114,6
13115,6
13116,2
13117,3
13118,3
13119,2
13120,1
13121,6
13122,6
13123,6
13124,1
13125,6
13126,6
13127,1
13128,6
13129,1
13130,6
13131,2
13132,2
13133,3
13134,7
13135,4
13136,7
13137,6
13138,7
13139,6
13140,6
13141,1
13142,7
13143,4
13144,2
13145,7
13146,4
13147,6
13148,3
13149,4
13150,7
13151,4
13152,7
13153,6
13154,6
13155,4
13156,6
13157,1
13158,4
13159,1
13160,7
13161,6
13162,6
13163,1
13164,7
13165,2
13166,7
13167,7
13168,6
13169,7
13170,7
13171,6
13172,5
13173,5
13174,6
13175,7
13176,4
13177,6
13178,6
13179,7
13180,6
13181,6
13182,4
13183,6
13184,6
13185,4
13186,5
13187,4
13188,6
13189,4
13190,5
13191,4
13192,5
13193,7
13194,7
13195,6
13196,6
13197,3
13198,6
13199,6
13200,5
13201,7
13202,4
13203,7
13204,6
13205,6
13206,6
13207,1
13208,5
13209,4
13210,5
13211,4
13212,7
13213,6
13214,4
13215,5
13216,5
13217,5
13218,4
13219,7
13220,7
13221,4
13222,5
13223,5
13224,5
13225,4
13226,4
13227,5
13228,5
13229,5
13230,5
13231,5
13232,5
13233,5
13234,5
13235,5
13236,5
13237,5
13238,6
13239,5
13240,5
13241,6
13242,5
13243,5
13244,6
13245,7
13246,5
13247,5
13248,5
13249,3
13250,5
13251,5
13252,6
13253,5
13254,1
13255,6
13256,6
13257,5
13258,5
13259,4
13260,4
13261,5
13262,5
13263,5
13264,5
13265,5
13266,5
13267,7
13268,4
13269,5
13270,6
13271,6
13272,5
13273,5
13274,5
13275,5
13276,5
13277,5
13278,5
13279,5
13280,5
13281,5
13282,5
13283,7
13284,7
13285,5
13286,5
13287,6
13288,4
13289,4
13290,5
13291,5
13292,5
13293,5
13294,4
13295,4
13296,4
13297,4
13298,5
13299,5
13300,5
13301,5
13302,5
13303,5
13304,4
13305,7
13306,3
13307,5
13308,5
13309,4
13310,5
13311,4
13312,7
13313,3
13314,5
13315,5
13316,7
13317,5
13318,5
13319,5
13320,5
13321,7
13322,2
13323,3
13324,5
13325,7
13326,5
13327,5
13328,7
13329,6
13330,5
13331,5
13332,5
13333,7
13334,7
13335,5
13336,5
13337,5
13338,5
13339,4
13340,4
13341,3
13342,5
13343,5
13344,5
13345,5
13346,5
13347,7
13348,4
13349,5
13350,4
13351,4
13352,7
13353,7
13354,1
13355,4
13356,5
13357,5
13358,5
13359,2
13360,4
13361,7
13362,4
13363,5
13364,4
13365,7
13366,5
13367,7
13368,1
13369,4
13370,7
13371,7
13372,5
13373,4
13374,7
13375,7
13376,7
13377,2
13378,7
13379,1
13380,4
13381,5
13382,7
13383,1
13384,1
13385,7
13386,7
13387,1
13388,5
13389,4
13390,2
13391,5
13392,7
13393,4
13394,7
13395,4
13396,4
13397,5
13398,5
13399,6
13400,1
13401,7
13402,1
13403,4
13404,7
13405,4
13406,1
13407,5
13408,4
13409,7
13410,5
13411,1
13412,4
13413,4
13414,5
13415,5
13416,2
13417,2
13418,5
13419,7
13420,3
13421,7
13422,4
13423,5
13424,7
13425,7
13426,3
13427,5
13428,5
13429,4
13430,3
13431,4
13432,7
13433,7
13434,5
13435,2
13436,5
13437,7
13438,5
13439,7
13440,5
13441,5
13442,6
13443,2
13444,6
13445,6
13446,3
13447,6
13448,7
13449,6
13450,6
13451,4
13452,7
13453,4
13454,6
13455,3
13456,1
13457,4
13458,6
13459,3
13460,2
13461,6
13462,6
13463,6
13464,6
13465,6
13466,5
13467,1
13468,1
13469,4
13470,6
13471,6
13472,6
13473,3
13474,6
13475,7
13476,2
13477,3
13478,2
13479,1
13480,3
13481,3
13482,6
13483,1
13484,2
13485,3
13486,1
13487,1
13488,6
13489,1
13490,7
13491,1
13492,6
13493,7
13494,2
13495,4
13496,4
13497,6
13498,6
13499,6
13500,2
13501,6
13502,4
13503,6
13504,6
13505,4
13506,4
13507,3
13508,1
13509,1
13510,4
13511,2
13512,7
13513,2
13514,7
13515,6
13516,7
13517,1
13518,1
13519,7
13520,1
13521,1
13522,1
13523,6
13524,7
13525,1
13526,7
13527,4
13528,1
13529,1
13530,1
13531,1
13532,1
13533,7
13534,6
13535,1
13536,1
13537,1
13538,1
13539,1
13540,1
13541,1
13542,6
13543,7
13544,7
13545,4
13546,6
13547,6
13548,1
13549,2
13550,1
13551,1
13552,1
13553,1
13554,7
13555,3
13556,1
13557,6
13558,2
13559,6
13560,6
13561,1
13562,7
13563,1
13564,1
13565,7
13566,1
13567,3
13568,7
13569,7
13570,6
13571,7
13572,3
13573,2
13574,6
13575,6
13576,4
13577,4
13578,1
13579,1
13580,6
13581,6
13582,1
13583,2
13584,6
13585,4
13586,4
13587,6
13588,2
13589,6
13590,7
13591,7
13592,2
13593,2
13594,6
13595,1
13596,1
13597,7
13598,6
13599,6
13600,2
13601,6
13602,6
13603,2
13604,7
13605,7
13606,2
13607,2
13608,3
13609,7
13610,6
13611,2
13612,6
13613,3
13614,6
13615,2
13616,3
13617,3
13618,1
13619,2
13620,1
13621,1
13622,2
13623,2
13624,2
13625,2
13626,1
13627,1
13628,1
13629,1
13630,1
13631,2
13632,1
13633,2
13634,2
13635,1
13636,1
13637,1
13638,1
13639,1
13640,2
13641,1
13642,1
13643,1
13644,1
13645,1
13646,1
13647,1
13648,2
13649,3
13650,1
13651,3
13652,2
13653,2
13654,3
13655,1
13656,1
13657,3
13658,1
13659,1
13660,1
13661,1
13662,2
13663,1
13664,2
13665,1
13666,1
13667,1
13668,1
13669,1
13670,1
13671,2
13672,1
13673,1
13674,2
13675,3
13676,2
13677,2
13678,1
13679,1
13680,2
13681,2
13682,3
13683,2
13684,6
13685,6
13686,3
13687,2
13688,1
13689,2
13690,3
13691,6
13692,2
13693,1
13694,2
13695,1
13696,1
13697,2
13698,1
13699,2
13700,1
13701,2
13702,3
13703,1
13704,3
13705,2
13706,2
13707,1
13708,1
13709,1
13710,1
13711,1
13712,1
13713,1
13714,1
13715,1
13716,3
13717,1
13718,1
13719,2
13720,1
13721,1
13722,2
13723,1
13724,2
13725,2
13726,2
13727,2
13728,2
13729,7
13730,7
13731,3
13732,7
13733,4
13734,6
13735,4
13736,7
13737,7
13738,4
13739,4
13740,3
13741,4
13742,4
13743,7
13744,7
13745,7
13746,7
13747,3
13748,7
13749,4
13750,4
13751,4
13752,4
13753,7
13754,7
13755,4
13756,4
13757,4
13758,7
13759,7
13760,4
13761,7
13762,4
13763,4
13764,7
13765,4
13766,7
13767,7
13768,7
13769,7
13770,4
13771,7
13772,4
13773,4
13774,7
13775,4
13776,4
13777,4
13778,7
13779,4
13780,4
13781,4
13782,4
13783,4
13784,4
13785,7
13786,4
13787,7
13788,4
13789,7
13790,4
13791,3
13792,6
13793,3
13794,6
13795,6
13796,6
13797,6
13798,6
13799,6
13800,3
13801,3
13802,3
13803,2
13804,3
13805,3
13806,2
13807,3
13808,3
13809,3
13810,3
13811,2
13812,3
13813,3
13814,3
13815,3
13816,2
13817,3
13818,3
13819,3
13820,3
13821,6
13822,2
13823,2
13824,6
13825,6
13826,6
13827,3
13828,3
13829,2
13830,3
13831,3
13832,3
13833,3
13834,2
13835,3
13836,3
13837,3
13838,3
13839,3
13840,3
13841,3
13842,3
13843,3
13844,3
13845,6
13846,2
13847,3
13848,6
13849,3
13850,2
13851,3
13852,3
13853,3
13854,3
13855,6
13856,3
13857,2
13858,3
13859,6
13860,3
13861,2
13862,3
13863,3
13864,2
13865,3
13866,3
13867,2
13868,3
13869,3
13870,6
13871,6
13872,3
13873,6
13874,6
13875,2
13876,2
13877,6
13878,2
13879,3
13880,3
13881,3
13882,3
13883,3
13884,3
13885,6
13886,2
13887,3
13888,6
13889,6
13890,6
13891,6
13892,6
13893,6
13894,2
13895,3
13896,6
13897,3
13898,3
13899,6
13900,3
13901,6
13902,2
13903,6
13904,3
13905,3
13906,6
13907,2
13908,6
13909,6
13910,6
13911,6
13912,6
13913,2
13914,1
13915,6
13916,6
13917,6
13918,6
13919,2
13920,3
13921,6
13922,2
13923,3
13924,6
13925,6
13926,1
13927,1
13928,1
13929,2
13930,1
13931,1
13932,6
13933,1
13934,2
13935,6
13936,1
13937,1
13938,1
13939,7
13940,6
13941,6
13942,4
13943,4
13944,6
13945,7
13946,4
13947,7
13948,4
13949,1
13950,7
13951,4
13952,4
13953,3
13954,4
13955,7
13956,3
13957,4
13958,6
13959,6
13960,7
13961,7
13962,1
13963,4
13964,4
13965,6
13966,6
13967,6
13968,4
13969,6
13970,6
13971,4
13972,7
13973,7
13974,1
13975,3
13976,7
13977,5
13978,7
13979,7
13980,5
13981,5
13982,7
13983,7
13984,7
13985,4
13986,7
13987,7
13988,6
13989,7
13990,6
13991,6
13992,6
13993,6
13994,6
13995,4
13996,6
13997,6
13998,6
13999,7
14000,2
14001,5
14002,6
14003,6
14004,4
14005,5
14006,6
14007,7
14008,3
14009,7
14010,2
14011,6
14012,6
14013,6
14014,6
14015,7
14016,5
14017,6
14018,3
14019,5
14020,4
14021,4
14022,7
14023,5
14024,7
14025,5
14026,6
14027,4
14028,5
14029,4
14030,5
14031,4
14032,6
14033,4
14034,6
14035,7
14036,7
14037,4
14038,4
14039,4
14040,4
14041,5
14042,5
14043,1
14044,7
14045,5
14046,7
14047,4
14048,4
14049,4
14050,4
14051,4
14052,4
14053,5
14054,1
14055,5
14056,4
14057,5
14058,4
14059,5
14060,5
14061,7
14062,1
14063,4
14064,5
14065,4
14066,6
14067,5
14068,5
14069,5
14070,4
14071,6
14072,7
14073,5
14074,5
14075,6
14076,6
14077,4
14078,5
14079,5
14080,5
14081,6
14082,6
14083,5
14084,5
14085,5
14086,5
14087,3
14088,5
14089,5
14090,5
14091,5
14092,6
14093,6
14094,4
14095,7
14096,7
14097,5
14098,4
14099,5
14100,7
14101,5
14102,5
14103,5
14104,5
14105,5
14106,4
14107,7
14108,5
14109,6
14110,7
14111,4
14112,4
14113,4
14114,1
14115,6
14116,4
14117,5
14118,5
14119,5
14120,5
14121,5
14122,5
14123,3
14124,4
14125,5
14126,2
14127,5
14128,5
14129,5
14130,7
14131,5
14132,7
14133,5
14134,5
14135,5
14136,5
14137,4
14138,5
14139,5
14140,5
14141,1
14142,6
14143,5
14144,5
14145,5
14146,5
14147,5
14148,5
14149,5
14150,4
14151,5
14152,4
14153,6
14154,4
14155,5
14156,5
14157,3
14158,6
14159,7
14160,5
14161,5
14162,5
14163,6
14164,5
14165,5
14166,5
14167,2
14168,3
14169,7
14170,6
14171,6
14172,5
14173,5
14174,5
14175,3
14176,4
14177,5
14178,5
14179,5
14180,7
14181,5
14182,6
14183,5
14184,5
14185,7
14186,7
14187,6
14188,5
14189,4
14190,5
14191,4
14192,5
14193,5
14194,5
14195,5
14196,7
14197,7
14198,5
14199,5
14200,5
14201,5
14202,7
14203,6
14204,5
14205,5
14206,4
14207,5
14208,5
14209,5
14210,2
14211,2
14212,6
14213,4
14214,7
14215,6
14216,5
14217,5
14218,5
14219,5
14220,7
14221,7
14222,4
14223,5
14224,5
14225,4
14226,7
14227,1
14228,1
14229,3
14230,5
14231,7
14232,6
14233,5
14234,5
14235,7
14236,5
14237,7
14238,7
14239,4
14240,7
14241,5
14242,5
14243,1
14244,6
14245,5
14246,7
14247,4
14248,5
14249,4
14250,5
14251,5
14252,5
14253,4
14254,5
14255,5
14256,5
14257,5
14258,7
14259,2
14260,5
14261,5
14262,7
14263,1
14264,6
14265,7
14266,5
14267,5
14268,7
14269,4
14270,5
14271,5
14272,5
14273,5
14274,4
14275,7
14276,4
14277,5
14278,5
14279,7
14280,7
14281,1
14282,6
14283,7
14284,7
14285,7
14286,7
14287,7
14288,5
14289,2
14290,5
14291,1
14292,5
14293,5
14294,5
14295,4
14296,1
14297,7
14298,5
14299,7
14300,7
14301,1
14302,3
14303,4
14304,4
14305,7
14306,7
14307,7
14308,4
14309,4
14310,5
14311,7
14312,7
14313,7
14314,7
14315,7
14316,7
14317,4
14318,4
14319,4
14320,7
14321,7
14322,4
14323,7
14324,7
14325,7
14326,7
14327,7
14328,4
14329,7
14330,5
14331,1
14332,1
14333,2
14334,5
14335,5
14336,3
14337,7
14338,7
14339,7
14340,7
14341,7
14342,7
14343,2
14344,7
14345,7
14346,7
14347,1
14348,5
14349,7
14350,7
14351,5
14352,5
14353,7
14354,7
14355,7
14356,7
14357,5
14358,4
14359,7
14360,5
14361,7
14362,1
14363,7
14364,7
14365,1
14366,7
14367,1
14368,6
14369,6
14370,6
14371,6
14372,7
14373,5
14374,6
14375,2
14376,2
14377,4
14378,6
14379,3
14380,4
14381,2
14382,4
14383,6
14384,1
14385,6
14386,6
14387,1
14388,6
14389,3
14390,6
14391,4
14392,4
14393,2
14394,7
14395,2
14396,6
14397,6
14398,4
14399,7
14400,6
14401,2
14402,2
14403,6
14404,6
14405,6
14406,2
14407,1
14408,6
14409,1
14410,3
14411,4
14412,4
14413,7
14414,4
14415,2
14416,3
14417,1
14418,6
14419,4
14420,1
14421,6
14422,6
14423,7
14424,6
14425,6
14426,1
14427,7
14428,3
14429,6
14430,6
14431,4
14432,4
14433,7
14434,6
14435,4
14436,1
14437,6
14438,7
14439,4
14440,3
14441,6
14442,2
14443,7
14444,2
14445,4
14446,4
14447,1
14448,2
14449,6
14450,4
14451,4
14452,4
14453,4
14454,7
14455,1
14456,2
14457,6
14458,7
14459,1
14460,1
14461,7
14462,1
14463,1
14464,2
14465,6
14466,6
14467,6
14468,4
14469,1
14470,4
14471,6
14472,4
14473,1
14474,6
14475,7
14476,2
14477,1
14478,7
14479,7
14480,4
14481,2
14482,1
14483,7
14484,7
14485,7
14486,7
14487,4
14488,6
14489,3
14490,1
14491,4
14492,6
14493,6
14494,1
14495,6
14496,1
14497,1
14498,2
14499,1
14500,1
14501,1
14502,4
14503,1
14504,7
14505,2
14506,1
14507,1
14508,3
14509,1
14510,1
14511,1
14512,1
14513,1
14514,6
14515,4
14516,1
14517,3
14518,1
14519,2
14520,1
14521,1
14522,3
14523,6
14524,1
14525,1
14526,7
14527,4
14528,7
14529,7
14530,2
14531,7
14532,2
14533,1
14534,1
14535,3
14536,6
14537,4
14538,3
14539,4
14540,2
14541,6
14542,2
14543,3
14544,1
14545,6
14546,4
14547,2
14548,1
14549,2
14550,6
14551,4
14552,1
14553,2
14554,6
14555,6
14556,3
14557,6
14558,6
14559,2
14560,2
14561,6
14562,1
14563,6
14564,2
14565,1
14566,2
14567,6
14568,4
14569,4
14570,6
14571,6
14572,3
14573,2
14574,6
14575,7
14576,2
14577,7
14578,1
14579,6
14580,7
14581,6
14582,7
14583,2
14584,3
14585,2
14586,1
14587,7
14588,7
14589,1
14590,2
14591,1
14592,2
14593,6
14594,3
14595,6
14596,3
14597,3
14598,2
14599,2
14600,2
14601,2
14602,1
14603,1
14604,2
14605,2
14606,1
14607,2
14608,3
14609,2
14610,2
14611,2
14612,2
14613,3
14614,2
14615,1
14616,2
14617,2
14618,1
14619,3
14620,3
14621,1
14622,2
14623,1
14624,2
14625,1
14626,1
14627,1
14628,1
14629,1
14630,3
14631,1
14632,1
14633,1
14634,2
14635,1
14636,2
14637,2
14638,1
14639,1
14640,1
14641,1
14642,1
14643,1
14644,1
14645,1
14646,1
14647,1
14648,2
14649,2
14650,1
14651,1
14652,1
14653,1
14654,1
14655,1
14656,2
14657,1
14658,2
14659,3
14660,2
14661,1
14662,1
14663,2
14664,2
14665,2
14666,1
14667,2
14668,1
14669,2
14670,2
14671,1
14672,2
14673,3
14674,1
14675,3
14676,2
14677,1
14678,1
14679,1
14680,1
14681,2
14682,1
14683,2
14684,1
14685,1
14686,1
14687,1
14688,2
14689,1
14690,1
14691,1
14692,2
14693,2
14694,3
14695,6
14696,1
14697,6
14698,1
14699,2
14700,2
14701,2
14702,1
14703,3
14704,2
14705,2
14706,2
14707,1
14708,6
14709,6
14710,2
14711,1
14712,2
14713,3
14714,2
14715,1
14716,2
14717,1
14718,1
14719,1
14720,3
14721,3
14722,1
14723,2
14724,2
14725,2
14726,1
14727,2
14728,1
14729,1
14730,1
14731,1
14732,1
14733,1
14734,1
14735,1
14736,3
14737,2
14738,2
14739,2
14740,1
14741,1
14742,2
14743,2
14744,4
14745,3
14746,4
14747,4
14748,4
14749,7
14750,4
14751,2
14752,7
14753,7
14754,4
14755,7
14756,4
14757,7
14758,3
14759,4
14760,7
14761,4
14762,4
14763,7
14764,7
14765,4
14766,4
14767,4
14768,4
14769,4
14770,7
14771,7
14772,7
14773,7
14774,7
14775,4
14776,4
14777,4
14778,7
14779,4
14780,4
14781,7
14782,7
14783,4
14784,4
14785,4
14786,4
14787,7
14788,4
14789,7
14790,7
14791,7
14792,7
14793,7
14794,7
14795,7
14796,4
14797,7
14798,4
14799,4
14800,4
14801,4
14802,6
14803,6
14804,3
14805,6
14806,3
14807,3
14808,2
14809,3
14810,3
14811,3
14812,6
14813,3
14814,3
14815,3
14816,3
14817,3
14818,3
14819,2
14820,3
14821,6
14822,3
14823,3
14824,3
14825,3
14826,3
14827,3
14828,3
14829,6
14830,3
14831,3
14832,3
14833,2
14834,2
14835,6
14836,6
14837,2
14838,3
14839,6
14840,3
14841,2
14842,2
14843,6
14844,6
14845,2
14846,6
14847,2
14848,2
14849,1
14850,6
14851,3
14852,1
14853,7
14854,6
14855,7
14856,1
14857,1
14858,1
14859,7
14860,5
14861,4
14862,1
14863,6
14864,7
14865,6
14866,1
14867,7
14868,7
14869,3
14870,7
14871,3
14872,6
14873,6
14874,6
14875,5
14876,6
14877,3
14878,6
14879,5
14880,5
14881,6
14882,4
14883,4
14884,4
14885,3
14886,7
14887,1
14888,6
14889,5
14890,5
14891,5
14892,5
14893,5
14894,3
14895,7
14896,5
14897,5
14898,6
14899,5
14900,3
14901,4
14902,6
14903,7
14904,5
14905,7
14906,6
14907,5
14908,5
14909,4
14910,5
14911,5
14912,5
14913,5
14914,6
14915,4
14916,5
14917,5
14918,5
14919,5
14920,7
14921,7
14922,5
14923,5
14924,7
14925,5
14926,5
14927,3
14928,4
14929,4
14930,5
14931,5
14932,5
14933,7
14934,5
14935,5
14936,5
14937,4
14938,5
14939,4
14940,2
14941,5
14942,3
14943,5
14944,7
14945,5
14946,5
14947,4
14948,5
14949,6
14950,4
14951,5
14952,5
14953,5
14954,1
14955,5
14956,7
14957,5
14958,2
14959,4
14960,5
14961,4
14962,5
14963,5
14964,4
14965,7
14966,5
14967,7
14968,7
14969,1
14970,7
14971,4
14972,7
14973,5
14974,7
14975,7
14976,2
14977,7
14978,7
14979,6
14980,3
14981,6
14982,6
14983,4
14984,1
14985,6
14986,6
14987,6
14988,2
14989,3
14990,3
14991,2
14992,4
14993,6
14994,3
14995,7
14996,4
14997,6
14998,3
14999,6
15000,7
15001,1
15002,1
15003,6
15004,7
15005,7
15006,7
15007,7
15008,4
15009,7
15010,7
15011,7
15012,4
15013,7
15014,1
15015,1
15016,1
15017,1
15018,3
15019,1
15020,1
15021,7
15022,6
15023,1
15024,1
15025,6
15026,1
15027,7
15028,2
15029,3
15030,2
15031,1
15032,4
15033,2
15034,6
15035,6
15036,6
15037,4
15038,3
15039,6
15040,6
15041,4
15042,6
15043,2
15044,7
15045,2
15046,3
15047,2
15048,6
15049,6
15050,6
15051,6
15052,2
15053,1
15054,1
15055,2
15056,1
15057,2
15058,1
15059,1
15060,1
15061,2
15062,2
15063,1
15064,1
15065,1
15066,2
15067,2
15068,2
15069,3
15070,1
15071,1
15072,1
15073,1
15074,1
15075,1
15076,1
15077,2
15078,1
15079,1
15080,6
15081,6
15082,6
15083,2
15084,2
15085,3
15086,2
15087,1
15088,3
15089,3
15090,2
15091,1
15092,2
15093,1
15094,1
15095,1
15096,1
15097,1
15098,1
15099,1
15100,2
15101,2
15102,7
15103,4
15104,7
15105,4
15106,7
15107,7
15108,4
15109,4
15110,7
15111,7
15112,7
15113,4
15114,4
15115,7
15116,7
15117,7
15118,7
15119,7
15120,4
